[
{
    "model": "admin.logentry",
    "pk": 72,
    "fields": {
        "action_time": "2024-10-01T10:12:04.121Z",
        "user": 3,
        "content_type": 6,
        "object_id": "3",
        "object_repr": "tomomi@mail.com",
        "action_flag": 2,
        "change_message": "[{\"changed\": {\"fields\": [\"\\u30e1\\u30fc\\u30eb\\u30a2\\u30c9\\u30ec\\u30b9\"]}}]"
    }
},
{
    "model": "admin.logentry",
    "pk": 73,
    "fields": {
        "action_time": "2024-10-01T10:14:51.683Z",
        "user": 3,
        "content_type": 6,
        "object_id": "1",
        "object_repr": "mizukami@mail.com",
        "action_flag": 3,
        "change_message": ""
    }
},
{
    "model": "admin.logentry",
    "pk": 74,
    "fields": {
        "action_time": "2024-10-01T10:15:04.781Z",
        "user": 3,
        "content_type": 6,
        "object_id": "2",
        "object_repr": "tanaka@mail.com",
        "action_flag": 3,
        "change_message": ""
    }
},
{
    "model": "admin.logentry",
    "pk": 75,
    "fields": {
        "action_time": "2024-10-01T10:15:37.171Z",
        "user": 3,
        "content_type": 6,
        "object_id": "4",
        "object_repr": "mizukami@mail.com",
        "action_flag": 1,
        "change_message": "[{\"added\": {}}]"
    }
},
{
    "model": "admin.logentry",
    "pk": 76,
    "fields": {
        "action_time": "2024-10-01T10:15:43.567Z",
        "user": 3,
        "content_type": 6,
        "object_id": "4",
        "object_repr": "mizukami@mail.com",
        "action_flag": 2,
        "change_message": "[{\"changed\": {\"fields\": [\"Is staff\", \"Superuser status\"]}}]"
    }
},
{
    "model": "admin.logentry",
    "pk": 77,
    "fields": {
        "action_time": "2024-10-01T11:00:48.875Z",
        "user": 3,
        "content_type": 6,
        "object_id": "3",
        "object_repr": "tomomi@mail.com",
        "action_flag": 2,
        "change_message": "[{\"changed\": {\"fields\": [\"\\u30e6\\u30fc\\u30b6\\u30fc\\u540d\"]}}]"
    }
},
{
    "model": "admin.logentry",
    "pk": 78,
    "fields": {
        "action_time": "2024-10-28T11:52:05.498Z",
        "user": 4,
        "content_type": 7,
        "object_id": "5",
        "object_repr": "dawefawefawe",
        "action_flag": 3,
        "change_message": ""
    }
},
{
    "model": "admin.logentry",
    "pk": 79,
    "fields": {
        "action_time": "2024-10-28T11:52:05.498Z",
        "user": 4,
        "content_type": 7,
        "object_id": "4",
        "object_repr": "vaewfawefawfe",
        "action_flag": 3,
        "change_message": ""
    }
},
{
    "model": "admin.logentry",
    "pk": 80,
    "fields": {
        "action_time": "2024-10-28T11:52:05.498Z",
        "user": 4,
        "content_type": 7,
        "object_id": "3",
        "object_repr": "てすとファウェふぁw",
        "action_flag": 3,
        "change_message": ""
    }
},
{
    "model": "admin.logentry",
    "pk": 81,
    "fields": {
        "action_time": "2024-10-28T11:52:05.498Z",
        "user": 4,
        "content_type": 7,
        "object_id": "2",
        "object_repr": "hanshin",
        "action_flag": 3,
        "change_message": ""
    }
},
{
    "model": "admin.logentry",
    "pk": 82,
    "fields": {
        "action_time": "2024-10-28T11:52:05.498Z",
        "user": 4,
        "content_type": 7,
        "object_id": "1",
        "object_repr": "testtest",
        "action_flag": 3,
        "change_message": ""
    }
},
{
    "model": "admin.logentry",
    "pk": 83,
    "fields": {
        "action_time": "2024-10-28T12:47:39.432Z",
        "user": 4,
        "content_type": 6,
        "object_id": "5",
        "object_repr": "sato@example.com",
        "action_flag": 3,
        "change_message": ""
    }
},
{
    "model": "admin.logentry",
    "pk": 84,
    "fields": {
        "action_time": "2024-11-03T01:16:40.095Z",
        "user": 4,
        "content_type": 10,
        "object_id": "61",
        "object_repr": "toto",
        "action_flag": 1,
        "change_message": "[{\"added\": {}}]"
    }
},
{
    "model": "admin.logentry",
    "pk": 85,
    "fields": {
        "action_time": "2024-11-03T01:17:07.951Z",
        "user": 4,
        "content_type": 10,
        "object_id": "62",
        "object_repr": "mama",
        "action_flag": 1,
        "change_message": "[{\"added\": {}}]"
    }
},
{
    "model": "admin.logentry",
    "pk": 86,
    "fields": {
        "action_time": "2024-11-03T01:17:23.409Z",
        "user": 4,
        "content_type": 10,
        "object_id": "63",
        "object_repr": "もも",
        "action_flag": 1,
        "change_message": "[{\"added\": {}}]"
    }
},
{
    "model": "admin.logentry",
    "pk": 87,
    "fields": {
        "action_time": "2024-11-03T01:17:49.219Z",
        "user": 4,
        "content_type": 10,
        "object_id": "64",
        "object_repr": "kuu",
        "action_flag": 1,
        "change_message": "[{\"added\": {}}]"
    }
},
{
    "model": "admin.logentry",
    "pk": 88,
    "fields": {
        "action_time": "2024-11-03T01:18:10.112Z",
        "user": 4,
        "content_type": 10,
        "object_id": "65",
        "object_repr": "fuma",
        "action_flag": 1,
        "change_message": "[{\"added\": {}}]"
    }
},
{
    "model": "admin.logentry",
    "pk": 89,
    "fields": {
        "action_time": "2024-11-03T01:18:32.092Z",
        "user": 4,
        "content_type": 10,
        "object_id": "66",
        "object_repr": "べ",
        "action_flag": 1,
        "change_message": "[{\"added\": {}}]"
    }
},
{
    "model": "auth.permission",
    "pk": 1,
    "fields": {
        "name": "Can add log entry",
        "content_type": 1,
        "codename": "add_logentry"
    }
},
{
    "model": "auth.permission",
    "pk": 2,
    "fields": {
        "name": "Can change log entry",
        "content_type": 1,
        "codename": "change_logentry"
    }
},
{
    "model": "auth.permission",
    "pk": 3,
    "fields": {
        "name": "Can delete log entry",
        "content_type": 1,
        "codename": "delete_logentry"
    }
},
{
    "model": "auth.permission",
    "pk": 4,
    "fields": {
        "name": "Can view log entry",
        "content_type": 1,
        "codename": "view_logentry"
    }
},
{
    "model": "auth.permission",
    "pk": 5,
    "fields": {
        "name": "Can add permission",
        "content_type": 2,
        "codename": "add_permission"
    }
},
{
    "model": "auth.permission",
    "pk": 6,
    "fields": {
        "name": "Can change permission",
        "content_type": 2,
        "codename": "change_permission"
    }
},
{
    "model": "auth.permission",
    "pk": 7,
    "fields": {
        "name": "Can delete permission",
        "content_type": 2,
        "codename": "delete_permission"
    }
},
{
    "model": "auth.permission",
    "pk": 8,
    "fields": {
        "name": "Can view permission",
        "content_type": 2,
        "codename": "view_permission"
    }
},
{
    "model": "auth.permission",
    "pk": 9,
    "fields": {
        "name": "Can add group",
        "content_type": 3,
        "codename": "add_group"
    }
},
{
    "model": "auth.permission",
    "pk": 10,
    "fields": {
        "name": "Can change group",
        "content_type": 3,
        "codename": "change_group"
    }
},
{
    "model": "auth.permission",
    "pk": 11,
    "fields": {
        "name": "Can delete group",
        "content_type": 3,
        "codename": "delete_group"
    }
},
{
    "model": "auth.permission",
    "pk": 12,
    "fields": {
        "name": "Can view group",
        "content_type": 3,
        "codename": "view_group"
    }
},
{
    "model": "auth.permission",
    "pk": 13,
    "fields": {
        "name": "Can add content type",
        "content_type": 4,
        "codename": "add_contenttype"
    }
},
{
    "model": "auth.permission",
    "pk": 14,
    "fields": {
        "name": "Can change content type",
        "content_type": 4,
        "codename": "change_contenttype"
    }
},
{
    "model": "auth.permission",
    "pk": 15,
    "fields": {
        "name": "Can delete content type",
        "content_type": 4,
        "codename": "delete_contenttype"
    }
},
{
    "model": "auth.permission",
    "pk": 16,
    "fields": {
        "name": "Can view content type",
        "content_type": 4,
        "codename": "view_contenttype"
    }
},
{
    "model": "auth.permission",
    "pk": 17,
    "fields": {
        "name": "Can add session",
        "content_type": 5,
        "codename": "add_session"
    }
},
{
    "model": "auth.permission",
    "pk": 18,
    "fields": {
        "name": "Can change session",
        "content_type": 5,
        "codename": "change_session"
    }
},
{
    "model": "auth.permission",
    "pk": 19,
    "fields": {
        "name": "Can delete session",
        "content_type": 5,
        "codename": "delete_session"
    }
},
{
    "model": "auth.permission",
    "pk": 20,
    "fields": {
        "name": "Can view session",
        "content_type": 5,
        "codename": "view_session"
    }
},
{
    "model": "auth.permission",
    "pk": 21,
    "fields": {
        "name": "Can add custom user",
        "content_type": 6,
        "codename": "add_customuser"
    }
},
{
    "model": "auth.permission",
    "pk": 22,
    "fields": {
        "name": "Can change custom user",
        "content_type": 6,
        "codename": "change_customuser"
    }
},
{
    "model": "auth.permission",
    "pk": 23,
    "fields": {
        "name": "Can delete custom user",
        "content_type": 6,
        "codename": "delete_customuser"
    }
},
{
    "model": "auth.permission",
    "pk": 24,
    "fields": {
        "name": "Can view custom user",
        "content_type": 6,
        "codename": "view_customuser"
    }
},
{
    "model": "auth.permission",
    "pk": 25,
    "fields": {
        "name": "Can add inquiry",
        "content_type": 7,
        "codename": "add_inquiry"
    }
},
{
    "model": "auth.permission",
    "pk": 26,
    "fields": {
        "name": "Can change inquiry",
        "content_type": 7,
        "codename": "change_inquiry"
    }
},
{
    "model": "auth.permission",
    "pk": 27,
    "fields": {
        "name": "Can delete inquiry",
        "content_type": 7,
        "codename": "delete_inquiry"
    }
},
{
    "model": "auth.permission",
    "pk": 28,
    "fields": {
        "name": "Can view inquiry",
        "content_type": 7,
        "codename": "view_inquiry"
    }
},
{
    "model": "auth.permission",
    "pk": 29,
    "fields": {
        "name": "Can add level",
        "content_type": 8,
        "codename": "add_level"
    }
},
{
    "model": "auth.permission",
    "pk": 30,
    "fields": {
        "name": "Can change level",
        "content_type": 8,
        "codename": "change_level"
    }
},
{
    "model": "auth.permission",
    "pk": 31,
    "fields": {
        "name": "Can delete level",
        "content_type": 8,
        "codename": "delete_level"
    }
},
{
    "model": "auth.permission",
    "pk": 32,
    "fields": {
        "name": "Can view level",
        "content_type": 8,
        "codename": "view_level"
    }
},
{
    "model": "auth.permission",
    "pk": 33,
    "fields": {
        "name": "Can add part of speech",
        "content_type": 9,
        "codename": "add_partofspeech"
    }
},
{
    "model": "auth.permission",
    "pk": 34,
    "fields": {
        "name": "Can change part of speech",
        "content_type": 9,
        "codename": "change_partofspeech"
    }
},
{
    "model": "auth.permission",
    "pk": 35,
    "fields": {
        "name": "Can delete part of speech",
        "content_type": 9,
        "codename": "delete_partofspeech"
    }
},
{
    "model": "auth.permission",
    "pk": 36,
    "fields": {
        "name": "Can view part of speech",
        "content_type": 9,
        "codename": "view_partofspeech"
    }
},
{
    "model": "auth.permission",
    "pk": 37,
    "fields": {
        "name": "Can add word",
        "content_type": 10,
        "codename": "add_word"
    }
},
{
    "model": "auth.permission",
    "pk": 38,
    "fields": {
        "name": "Can change word",
        "content_type": 10,
        "codename": "change_word"
    }
},
{
    "model": "auth.permission",
    "pk": 39,
    "fields": {
        "name": "Can delete word",
        "content_type": 10,
        "codename": "delete_word"
    }
},
{
    "model": "auth.permission",
    "pk": 40,
    "fields": {
        "name": "Can view word",
        "content_type": 10,
        "codename": "view_word"
    }
},
{
    "model": "auth.permission",
    "pk": 41,
    "fields": {
        "name": "Can add ユーザー進行状況",
        "content_type": 11,
        "codename": "add_userprogress"
    }
},
{
    "model": "auth.permission",
    "pk": 42,
    "fields": {
        "name": "Can change ユーザー進行状況",
        "content_type": 11,
        "codename": "change_userprogress"
    }
},
{
    "model": "auth.permission",
    "pk": 43,
    "fields": {
        "name": "Can delete ユーザー進行状況",
        "content_type": 11,
        "codename": "delete_userprogress"
    }
},
{
    "model": "auth.permission",
    "pk": 44,
    "fields": {
        "name": "Can view ユーザー進行状況",
        "content_type": 11,
        "codename": "view_userprogress"
    }
},
{
    "model": "auth.permission",
    "pk": 45,
    "fields": {
        "name": "Can add 復習進行状況",
        "content_type": 12,
        "codename": "add_userreviewprogress"
    }
},
{
    "model": "auth.permission",
    "pk": 46,
    "fields": {
        "name": "Can change 復習進行状況",
        "content_type": 12,
        "codename": "change_userreviewprogress"
    }
},
{
    "model": "auth.permission",
    "pk": 47,
    "fields": {
        "name": "Can delete 復習進行状況",
        "content_type": 12,
        "codename": "delete_userreviewprogress"
    }
},
{
    "model": "auth.permission",
    "pk": 48,
    "fields": {
        "name": "Can view 復習進行状況",
        "content_type": 12,
        "codename": "view_userreviewprogress"
    }
},
{
    "model": "auth.permission",
    "pk": 49,
    "fields": {
        "name": "Can add 正解ステータス情報",
        "content_type": 13,
        "codename": "add_userwordstatus"
    }
},
{
    "model": "auth.permission",
    "pk": 50,
    "fields": {
        "name": "Can change 正解ステータス情報",
        "content_type": 13,
        "codename": "change_userwordstatus"
    }
},
{
    "model": "auth.permission",
    "pk": 51,
    "fields": {
        "name": "Can delete 正解ステータス情報",
        "content_type": 13,
        "codename": "delete_userwordstatus"
    }
},
{
    "model": "auth.permission",
    "pk": 52,
    "fields": {
        "name": "Can view 正解ステータス情報",
        "content_type": 13,
        "codename": "view_userwordstatus"
    }
},
{
    "model": "contenttypes.contenttype",
    "pk": 1,
    "fields": {
        "app_label": "admin",
        "model": "logentry"
    }
},
{
    "model": "contenttypes.contenttype",
    "pk": 2,
    "fields": {
        "app_label": "auth",
        "model": "permission"
    }
},
{
    "model": "contenttypes.contenttype",
    "pk": 3,
    "fields": {
        "app_label": "auth",
        "model": "group"
    }
},
{
    "model": "contenttypes.contenttype",
    "pk": 4,
    "fields": {
        "app_label": "contenttypes",
        "model": "contenttype"
    }
},
{
    "model": "contenttypes.contenttype",
    "pk": 5,
    "fields": {
        "app_label": "sessions",
        "model": "session"
    }
},
{
    "model": "contenttypes.contenttype",
    "pk": 6,
    "fields": {
        "app_label": "accounts",
        "model": "customuser"
    }
},
{
    "model": "contenttypes.contenttype",
    "pk": 7,
    "fields": {
        "app_label": "contact",
        "model": "inquiry"
    }
},
{
    "model": "contenttypes.contenttype",
    "pk": 8,
    "fields": {
        "app_label": "dictionary",
        "model": "level"
    }
},
{
    "model": "contenttypes.contenttype",
    "pk": 9,
    "fields": {
        "app_label": "dictionary",
        "model": "partofspeech"
    }
},
{
    "model": "contenttypes.contenttype",
    "pk": 10,
    "fields": {
        "app_label": "dictionary",
        "model": "word"
    }
},
{
    "model": "contenttypes.contenttype",
    "pk": 11,
    "fields": {
        "app_label": "flashcard",
        "model": "userprogress"
    }
},
{
    "model": "contenttypes.contenttype",
    "pk": 12,
    "fields": {
        "app_label": "flashcard",
        "model": "userreviewprogress"
    }
},
{
    "model": "contenttypes.contenttype",
    "pk": 13,
    "fields": {
        "app_label": "flashcard",
        "model": "userwordstatus"
    }
},
{
    "model": "sessions.session",
    "pk": "12marwe2ug8gqpx2sny9d551j5pw4gmw",
    "fields": {
        "session_data": "e30:1svcHs:1dycByDPaulKWkOjCCyDI0YMwTv5um-oxMK_QkAAO1Q",
        "expire_date": "2024-10-15T12:47:32.367Z"
    }
},
{
    "model": "accounts.customuser",
    "pk": 3,
    "fields": {
        "password": "argon2$argon2id$v=19$m=102400,t=2,p=8$aEdlOHFxZ05RUE11NmlIMU1GMXp1dA$TGV+opi7bvUE0U31z+vf93oRNlb/EtGdAzgwgo7FQuo",
        "last_login": "2024-10-01T12:46:08.673Z",
        "is_superuser": true,
        "email": "tomomi@mail.com",
        "username": "mizukami",
        "is_active": true,
        "is_staff": true,
        "groups": [],
        "user_permissions": []
    }
},
{
    "model": "accounts.customuser",
    "pk": 4,
    "fields": {
        "password": "argon2$argon2id$v=19$m=102400,t=2,p=8$T0VXZXpwYjJVdE16TUR0T0VodHdLZA$KGmJD3d87u48/BbbhbzlN/xVYt/akZ4kg/dQUCiG+Yg",
        "last_login": "2024-11-12T12:47:51.350Z",
        "is_superuser": true,
        "email": "mizukami@mail.com",
        "username": "ブルージャイアント",
        "is_active": true,
        "is_staff": true,
        "groups": [],
        "user_permissions": []
    }
},
{
    "model": "dictionary.partofspeech",
    "pk": 1,
    "fields": {
        "name": "名詞"
    }
},
{
    "model": "dictionary.partofspeech",
    "pk": 2,
    "fields": {
        "name": "動詞"
    }
},
{
    "model": "dictionary.partofspeech",
    "pk": 3,
    "fields": {
        "name": "形容詞"
    }
},
{
    "model": "dictionary.partofspeech",
    "pk": 4,
    "fields": {
        "name": "代名詞"
    }
},
{
    "model": "dictionary.level",
    "pk": 1,
    "fields": {
        "name": "Beginner",
        "description": "中学生"
    }
},
{
    "model": "dictionary.level",
    "pk": 2,
    "fields": {
        "name": "Intermediate",
        "description": "高校生"
    }
},
{
    "model": "dictionary.level",
    "pk": 3,
    "fields": {
        "name": "Advanced",
        "description": "大学生/社会人"
    }
},
{
    "model": "dictionary.level",
    "pk": 4,
    "fields": {
        "name": "Expert",
        "description": "それ以上"
    }
},
{
    "model": "dictionary.word",
    "pk": 1,
    "fields": {
        "english": "red",
        "japanese": "赤,あか",
        "part_of_speech": 1,
        "phrase": "red is apple",
        "level": 1
    }
},
{
    "model": "dictionary.word",
    "pk": 2,
    "fields": {
        "english": "blue",
        "japanese": "青,あお",
        "part_of_speech": 1,
        "phrase": "blue is sky",
        "level": 1
    }
},
{
    "model": "dictionary.word",
    "pk": 3,
    "fields": {
        "english": "yellow",
        "japanese": "黄,黄色,きいろ",
        "part_of_speech": 1,
        "phrase": "sun is yellow",
        "level": 1
    }
},
{
    "model": "dictionary.word",
    "pk": 4,
    "fields": {
        "english": "orange",
        "japanese": "オレンジ,橙色",
        "part_of_speech": 1,
        "phrase": "orange is みかん",
        "level": 1
    }
},
{
    "model": "dictionary.word",
    "pk": 5,
    "fields": {
        "english": "black",
        "japanese": "くろ,黒",
        "part_of_speech": 1,
        "phrase": "black is dark",
        "level": 1
    }
},
{
    "model": "dictionary.word",
    "pk": 6,
    "fields": {
        "english": "white",
        "japanese": "白,しろ",
        "part_of_speech": 1,
        "phrase": "white is paper",
        "level": 1
    }
},
{
    "model": "dictionary.word",
    "pk": 7,
    "fields": {
        "english": "gray",
        "japanese": "灰色,はいいろ",
        "part_of_speech": 1,
        "phrase": "grayだよ",
        "level": 1
    }
},
{
    "model": "dictionary.word",
    "pk": 8,
    "fields": {
        "english": "color",
        "japanese": "色,いろ",
        "part_of_speech": 1,
        "phrase": "color is beautiful",
        "level": 1
    }
},
{
    "model": "dictionary.word",
    "pk": 9,
    "fields": {
        "english": "pink",
        "japanese": "ぴんく,桃色,ピンク",
        "part_of_speech": 1,
        "phrase": "pink is peach",
        "level": 1
    }
},
{
    "model": "dictionary.word",
    "pk": 10,
    "fields": {
        "english": "green",
        "japanese": "緑,みどり",
        "part_of_speech": 1,
        "phrase": "green is 草",
        "level": 1
    }
},
{
    "model": "dictionary.word",
    "pk": 11,
    "fields": {
        "english": "sing",
        "japanese": "歌う",
        "part_of_speech": 2,
        "phrase": "sing a song",
        "level": 2
    }
},
{
    "model": "dictionary.word",
    "pk": 12,
    "fields": {
        "english": "move",
        "japanese": "動く,うごく",
        "part_of_speech": 2,
        "phrase": "move is move",
        "level": 2
    }
},
{
    "model": "dictionary.word",
    "pk": 13,
    "fields": {
        "english": "listen",
        "japanese": "聞く,きく",
        "part_of_speech": 2,
        "phrase": "listen is 耳",
        "level": 2
    }
},
{
    "model": "dictionary.word",
    "pk": 14,
    "fields": {
        "english": "run",
        "japanese": "走る",
        "part_of_speech": 2,
        "phrase": "i run",
        "level": 2
    }
},
{
    "model": "dictionary.word",
    "pk": 15,
    "fields": {
        "english": "walk",
        "japanese": "歩く,あるく",
        "part_of_speech": 2,
        "phrase": "i walk",
        "level": 2
    }
},
{
    "model": "dictionary.word",
    "pk": 16,
    "fields": {
        "english": "talk",
        "japanese": "話す",
        "part_of_speech": 2,
        "phrase": "i talk",
        "level": 2
    }
},
{
    "model": "dictionary.word",
    "pk": 17,
    "fields": {
        "english": "speak",
        "japanese": "話す",
        "part_of_speech": 2,
        "phrase": "i speak",
        "level": 2
    }
},
{
    "model": "dictionary.word",
    "pk": 18,
    "fields": {
        "english": "swim",
        "japanese": "泳ぐ",
        "part_of_speech": 2,
        "phrase": "i swim",
        "level": 2
    }
},
{
    "model": "dictionary.word",
    "pk": 19,
    "fields": {
        "english": "push",
        "japanese": "おす,押す",
        "part_of_speech": 2,
        "phrase": "push is push",
        "level": 2
    }
},
{
    "model": "dictionary.word",
    "pk": 20,
    "fields": {
        "english": "pull",
        "japanese": "引く",
        "part_of_speech": 2,
        "phrase": "pull is pull",
        "level": 2
    }
},
{
    "model": "dictionary.word",
    "pk": 21,
    "fields": {
        "english": "animal",
        "japanese": "動物",
        "part_of_speech": 3,
        "phrase": "animal is doubutu",
        "level": 3
    }
},
{
    "model": "dictionary.word",
    "pk": 22,
    "fields": {
        "english": "dog",
        "japanese": "いぬ,犬",
        "part_of_speech": 3,
        "phrase": "dog is dog",
        "level": 3
    }
},
{
    "model": "dictionary.word",
    "pk": 23,
    "fields": {
        "english": "cat",
        "japanese": "猫,ねこ",
        "part_of_speech": 3,
        "phrase": "猫 is cat",
        "level": 3
    }
},
{
    "model": "dictionary.word",
    "pk": 24,
    "fields": {
        "english": "tiger",
        "japanese": "とら,虎",
        "part_of_speech": 3,
        "phrase": "tiger",
        "level": 3
    }
},
{
    "model": "dictionary.word",
    "pk": 25,
    "fields": {
        "english": "lion",
        "japanese": "ライオン",
        "part_of_speech": 3,
        "phrase": "lion",
        "level": 3
    }
},
{
    "model": "dictionary.word",
    "pk": 26,
    "fields": {
        "english": "fish",
        "japanese": "魚,さかな",
        "part_of_speech": 3,
        "phrase": "fish",
        "level": 3
    }
},
{
    "model": "dictionary.word",
    "pk": 27,
    "fields": {
        "english": "rat",
        "japanese": "ネズミ,ねずみ",
        "part_of_speech": 3,
        "phrase": "rat",
        "level": 3
    }
},
{
    "model": "dictionary.word",
    "pk": 28,
    "fields": {
        "english": "monkey",
        "japanese": "猿,さる",
        "part_of_speech": 3,
        "phrase": "monkey",
        "level": 3
    }
},
{
    "model": "dictionary.word",
    "pk": 29,
    "fields": {
        "english": "bird",
        "japanese": "とり,鳥",
        "part_of_speech": 3,
        "phrase": "bird",
        "level": 3
    }
},
{
    "model": "dictionary.word",
    "pk": 30,
    "fields": {
        "english": "bear",
        "japanese": "くま,熊",
        "part_of_speech": 3,
        "phrase": "bear",
        "level": 3
    }
},
{
    "model": "dictionary.word",
    "pk": 31,
    "fields": {
        "english": "pig",
        "japanese": "豚,ぶた",
        "part_of_speech": 3,
        "phrase": "pig",
        "level": 3
    }
},
{
    "model": "dictionary.word",
    "pk": 32,
    "fields": {
        "english": "water",
        "japanese": "水,みず",
        "part_of_speech": 4,
        "phrase": "water",
        "level": 4
    }
},
{
    "model": "dictionary.word",
    "pk": 33,
    "fields": {
        "english": "air",
        "japanese": "空気,くうき",
        "part_of_speech": 4,
        "phrase": "air",
        "level": 4
    }
},
{
    "model": "dictionary.word",
    "pk": 34,
    "fields": {
        "english": "sky",
        "japanese": "そら,空",
        "part_of_speech": 4,
        "phrase": "sky",
        "level": 4
    }
},
{
    "model": "dictionary.word",
    "pk": 35,
    "fields": {
        "english": "space",
        "japanese": "宇宙,うちゅう",
        "part_of_speech": 4,
        "phrase": "space",
        "level": 4
    }
},
{
    "model": "dictionary.word",
    "pk": 36,
    "fields": {
        "english": "sea",
        "japanese": "海,うみ",
        "part_of_speech": 4,
        "phrase": "sea",
        "level": 4
    }
},
{
    "model": "dictionary.word",
    "pk": 37,
    "fields": {
        "english": "river",
        "japanese": "かわ,川",
        "part_of_speech": 4,
        "phrase": "river",
        "level": 4
    }
},
{
    "model": "dictionary.word",
    "pk": 38,
    "fields": {
        "english": "mountain",
        "japanese": "山,やま",
        "part_of_speech": 4,
        "phrase": "mountain",
        "level": 4
    }
},
{
    "model": "dictionary.word",
    "pk": 39,
    "fields": {
        "english": "rain",
        "japanese": "雨,あめ",
        "part_of_speech": 4,
        "phrase": "rain",
        "level": 4
    }
},
{
    "model": "dictionary.word",
    "pk": 40,
    "fields": {
        "english": "wood",
        "japanese": "木,き",
        "part_of_speech": 4,
        "phrase": "wood",
        "level": 4
    }
},
{
    "model": "dictionary.word",
    "pk": 41,
    "fields": {
        "english": "town",
        "japanese": "町,まち",
        "part_of_speech": 4,
        "phrase": "town",
        "level": 4
    }
},
{
    "model": "dictionary.word",
    "pk": 42,
    "fields": {
        "english": "apple",
        "japanese": "林檎,りんご",
        "part_of_speech": 1,
        "phrase": "apple",
        "level": 1
    }
},
{
    "model": "dictionary.word",
    "pk": 43,
    "fields": {
        "english": "banana",
        "japanese": "バナナ,ばなな",
        "part_of_speech": 1,
        "phrase": "banana",
        "level": 1
    }
},
{
    "model": "dictionary.word",
    "pk": 44,
    "fields": {
        "english": "lemon",
        "japanese": "レモン,れもん",
        "part_of_speech": 1,
        "phrase": "lemon",
        "level": 1
    }
},
{
    "model": "dictionary.word",
    "pk": 45,
    "fields": {
        "english": "melon",
        "japanese": "メロン",
        "part_of_speech": 1,
        "phrase": "melon",
        "level": 1
    }
},
{
    "model": "dictionary.word",
    "pk": 46,
    "fields": {
        "english": "peach",
        "japanese": "もも,桃",
        "part_of_speech": 1,
        "phrase": "peach",
        "level": 1
    }
},
{
    "model": "dictionary.word",
    "pk": 47,
    "fields": {
        "english": "rice",
        "japanese": "こめ,米,ご飯,ごはん",
        "part_of_speech": 2,
        "phrase": "rice",
        "level": 2
    }
},
{
    "model": "dictionary.word",
    "pk": 48,
    "fields": {
        "english": "soup",
        "japanese": "スープ",
        "part_of_speech": 2,
        "phrase": "soup",
        "level": 2
    }
},
{
    "model": "dictionary.word",
    "pk": 49,
    "fields": {
        "english": "sushi",
        "japanese": "寿司,すし",
        "part_of_speech": 2,
        "phrase": "sushi",
        "level": 2
    }
},
{
    "model": "dictionary.word",
    "pk": 50,
    "fields": {
        "english": "bread",
        "japanese": "パン,ぱん",
        "part_of_speech": 2,
        "phrase": "bread",
        "level": 2
    }
},
{
    "model": "dictionary.word",
    "pk": 51,
    "fields": {
        "english": "tomato",
        "japanese": "トマト,とまと",
        "part_of_speech": 2,
        "phrase": "tomato",
        "level": 2
    }
},
{
    "model": "dictionary.word",
    "pk": 52,
    "fields": {
        "english": "eye",
        "japanese": "め,目",
        "part_of_speech": 3,
        "phrase": "eye",
        "level": 3
    }
},
{
    "model": "dictionary.word",
    "pk": 53,
    "fields": {
        "english": "face",
        "japanese": "かお,顔",
        "part_of_speech": 3,
        "phrase": "face",
        "level": 3
    }
},
{
    "model": "dictionary.word",
    "pk": 54,
    "fields": {
        "english": "nose",
        "japanese": "はな,鼻",
        "part_of_speech": 3,
        "phrase": "nose",
        "level": 3
    }
},
{
    "model": "dictionary.word",
    "pk": 55,
    "fields": {
        "english": "mouth",
        "japanese": "口,くち",
        "part_of_speech": 3,
        "phrase": "mouth",
        "level": 3
    }
},
{
    "model": "dictionary.word",
    "pk": 56,
    "fields": {
        "english": "tennis",
        "japanese": "テニス",
        "part_of_speech": 4,
        "phrase": "tennis",
        "level": 4
    }
},
{
    "model": "dictionary.word",
    "pk": 57,
    "fields": {
        "english": "soccer",
        "japanese": "サッカー",
        "part_of_speech": 4,
        "phrase": "soccer",
        "level": 4
    }
},
{
    "model": "dictionary.word",
    "pk": 58,
    "fields": {
        "english": "baseball",
        "japanese": "野球",
        "part_of_speech": 4,
        "phrase": "baseball",
        "level": 4
    }
},
{
    "model": "dictionary.word",
    "pk": 59,
    "fields": {
        "english": "basketball",
        "japanese": "バスケット,バスケットボール",
        "part_of_speech": 4,
        "phrase": "basketball",
        "level": 4
    }
},
{
    "model": "dictionary.word",
    "pk": 60,
    "fields": {
        "english": "rugby",
        "japanese": "ラグビー",
        "part_of_speech": 4,
        "phrase": "rugby",
        "level": 4
    }
},
{
    "model": "dictionary.word",
    "pk": 61,
    "fields": {
        "english": "toto",
        "japanese": "とと",
        "part_of_speech": 1,
        "phrase": "ととゴリ",
        "level": 1
    }
},
{
    "model": "dictionary.word",
    "pk": 62,
    "fields": {
        "english": "mama",
        "japanese": "まま",
        "part_of_speech": 1,
        "phrase": "まご",
        "level": 2
    }
},
{
    "model": "dictionary.word",
    "pk": 63,
    "fields": {
        "english": "もも",
        "japanese": "momo",
        "part_of_speech": 1,
        "phrase": "もご",
        "level": 2
    }
},
{
    "model": "dictionary.word",
    "pk": 64,
    "fields": {
        "english": "kuu",
        "japanese": "くう",
        "part_of_speech": 1,
        "phrase": "くご",
        "level": 3
    }
},
{
    "model": "dictionary.word",
    "pk": 65,
    "fields": {
        "english": "fuma",
        "japanese": "ふま",
        "part_of_speech": 2,
        "phrase": "",
        "level": 3
    }
},
{
    "model": "dictionary.word",
    "pk": 66,
    "fields": {
        "english": "べ",
        "japanese": "be",
        "part_of_speech": 4,
        "phrase": "",
        "level": 3
    }
},
{
    "model": "flashcard.userprogress",
    "pk": 33,
    "fields": {
        "user": 4,
        "level": 1,
        "mode": "en",
        "score": 1,
        "total_questions": 15,
        "current_question_index": 2,
        "question_ids": [
            8,
            10,
            45,
            7,
            2,
            4,
            3,
            5,
            6,
            42,
            44,
            9,
            43,
            1,
            46
        ],
        "completed_at": "2024-10-17T11:09:38.940Z",
        "is_completed": true,
        "is_paused": false
    }
},
{
    "model": "flashcard.userprogress",
    "pk": 34,
    "fields": {
        "user": 4,
        "level": 1,
        "mode": "en",
        "score": 2,
        "total_questions": 15,
        "current_question_index": 2,
        "question_ids": [
            7,
            1,
            46,
            9,
            10,
            5,
            2,
            45,
            8,
            42,
            4,
            6,
            44,
            43,
            3
        ],
        "completed_at": "2024-10-17T11:12:01.989Z",
        "is_completed": true,
        "is_paused": false
    }
},
{
    "model": "flashcard.userprogress",
    "pk": 35,
    "fields": {
        "user": 4,
        "level": 2,
        "mode": "ja",
        "score": 3,
        "total_questions": 15,
        "current_question_index": 3,
        "question_ids": [
            51,
            16,
            19,
            48,
            11,
            14,
            47,
            17,
            49,
            15,
            18,
            13,
            20,
            50,
            12
        ],
        "completed_at": "2024-10-17T11:12:17.690Z",
        "is_completed": true,
        "is_paused": false
    }
},
{
    "model": "flashcard.userprogress",
    "pk": 36,
    "fields": {
        "user": 4,
        "level": 1,
        "mode": "en",
        "score": 2,
        "total_questions": 15,
        "current_question_index": 2,
        "question_ids": [
            9,
            5,
            2,
            10,
            1,
            8,
            4,
            43,
            45,
            3,
            7,
            46,
            42,
            6,
            44
        ],
        "completed_at": "2024-10-17T11:13:04.292Z",
        "is_completed": true,
        "is_paused": false
    }
},
{
    "model": "flashcard.userprogress",
    "pk": 37,
    "fields": {
        "user": 4,
        "level": 2,
        "mode": "en",
        "score": 3,
        "total_questions": 15,
        "current_question_index": 3,
        "question_ids": [
            17,
            49,
            14,
            13,
            12,
            48,
            50,
            47,
            15,
            20,
            19,
            51,
            16,
            11,
            18
        ],
        "completed_at": "2024-10-17T11:13:22.083Z",
        "is_completed": true,
        "is_paused": false
    }
},
{
    "model": "flashcard.userprogress",
    "pk": 38,
    "fields": {
        "user": 4,
        "level": 3,
        "mode": "en",
        "score": 2,
        "total_questions": 15,
        "current_question_index": 2,
        "question_ids": [
            24,
            52,
            21,
            30,
            25,
            31,
            26,
            55,
            29,
            23,
            28,
            53,
            54,
            27,
            22
        ],
        "completed_at": "2024-10-17T11:13:48.298Z",
        "is_completed": true,
        "is_paused": false
    }
},
{
    "model": "flashcard.userprogress",
    "pk": 39,
    "fields": {
        "user": 4,
        "level": 1,
        "mode": "en",
        "score": 1,
        "total_questions": 5,
        "current_question_index": 1,
        "question_ids": [
            46,
            1,
            10,
            6,
            3
        ],
        "completed_at": "2024-10-17T11:21:09.722Z",
        "is_completed": true,
        "is_paused": false
    }
},
{
    "model": "flashcard.userprogress",
    "pk": 40,
    "fields": {
        "user": 4,
        "level": 1,
        "mode": "en",
        "score": 0,
        "total_questions": 15,
        "current_question_index": 3,
        "question_ids": [
            10,
            7,
            2,
            46,
            42,
            3,
            45,
            6,
            9,
            5,
            1,
            8,
            44,
            43,
            4
        ],
        "completed_at": "2024-10-17T11:23:48.462Z",
        "is_completed": true,
        "is_paused": false
    }
},
{
    "model": "flashcard.userprogress",
    "pk": 41,
    "fields": {
        "user": 4,
        "level": 1,
        "mode": "en",
        "score": 2,
        "total_questions": 15,
        "current_question_index": 2,
        "question_ids": "[43, 7, 42, 1, 6, 4, 45, 10, 44, 8, 2, 9, 46, 5, 3]",
        "completed_at": "2024-10-20T05:09:43.829Z",
        "is_completed": true,
        "is_paused": false
    }
},
{
    "model": "flashcard.userprogress",
    "pk": 42,
    "fields": {
        "user": 4,
        "level": 2,
        "mode": "en",
        "score": 2,
        "total_questions": 15,
        "current_question_index": 2,
        "question_ids": "[49, 12, 17, 20, 50, 48, 47, 19, 51, 11, 14, 16, 13, 18, 15]",
        "completed_at": "2024-10-20T05:10:02.802Z",
        "is_completed": true,
        "is_paused": false
    }
},
{
    "model": "flashcard.userprogress",
    "pk": 43,
    "fields": {
        "user": 4,
        "level": 3,
        "mode": "ja",
        "score": 2,
        "total_questions": 15,
        "current_question_index": 2,
        "question_ids": "[24, 54, 22, 53, 27, 23, 29, 55, 52, 28, 21, 30, 25, 31, 26]",
        "completed_at": "2024-10-20T05:10:24.764Z",
        "is_completed": true,
        "is_paused": false
    }
},
{
    "model": "flashcard.userprogress",
    "pk": 44,
    "fields": {
        "user": 4,
        "level": 1,
        "mode": "en",
        "score": 2,
        "total_questions": 15,
        "current_question_index": 2,
        "question_ids": "[4, 7, 10, 8, 9, 5, 2, 46, 45, 44, 1, 43, 42, 6, 3]",
        "completed_at": "2024-10-20T05:10:47.151Z",
        "is_completed": true,
        "is_paused": false
    }
},
{
    "model": "flashcard.userprogress",
    "pk": 45,
    "fields": {
        "user": 4,
        "level": 1,
        "mode": "en",
        "score": 1,
        "total_questions": 10,
        "current_question_index": 1,
        "question_ids": "[8, 43, 1, 5, 7, 2, 4, 46, 10, 9]",
        "completed_at": "2024-10-20T05:23:44.822Z",
        "is_completed": true,
        "is_paused": false
    }
},
{
    "model": "flashcard.userprogress",
    "pk": 46,
    "fields": {
        "user": 4,
        "level": 2,
        "mode": "en",
        "score": 1,
        "total_questions": 4,
        "current_question_index": 1,
        "question_ids": "[49, 14, 12, 17]",
        "completed_at": "2024-10-20T05:24:13.401Z",
        "is_completed": true,
        "is_paused": false
    }
},
{
    "model": "flashcard.userprogress",
    "pk": 47,
    "fields": {
        "user": 4,
        "level": 1,
        "mode": "en",
        "score": 0,
        "total_questions": 15,
        "current_question_index": 15,
        "question_ids": "[46, 10, 44, 1, 6, 42, 9, 2, 8, 3, 5, 7, 45, 4, 43]",
        "completed_at": "2024-10-21T13:57:26.990Z",
        "is_completed": true,
        "is_paused": false
    }
},
{
    "model": "flashcard.userprogress",
    "pk": 48,
    "fields": {
        "user": 4,
        "level": 1,
        "mode": "en",
        "score": 0,
        "total_questions": 15,
        "current_question_index": 2,
        "question_ids": "[9, 44, 43, 45, 6, 5, 46, 10, 1, 42, 7, 4, 2, 8, 3]",
        "completed_at": "2024-10-23T14:00:21.168Z",
        "is_completed": true,
        "is_paused": false
    }
},
{
    "model": "flashcard.userprogress",
    "pk": 49,
    "fields": {
        "user": 4,
        "level": 1,
        "mode": "en",
        "score": 0,
        "total_questions": 15,
        "current_question_index": 0,
        "question_ids": "[10, 4, 3, 5, 1, 9, 8, 2, 7, 46, 42, 44, 43, 6, 45]",
        "completed_at": "2024-10-27T09:41:02.331Z",
        "is_completed": true,
        "is_paused": false
    }
},
{
    "model": "flashcard.userprogress",
    "pk": 50,
    "fields": {
        "user": 4,
        "level": 1,
        "mode": "en",
        "score": 0,
        "total_questions": 15,
        "current_question_index": 0,
        "question_ids": "[7, 44, 46, 45, 10, 4, 9, 1, 6, 5, 43, 8, 2, 3, 42]",
        "completed_at": "2024-10-27T12:38:04.176Z",
        "is_completed": true,
        "is_paused": false
    }
},
{
    "model": "flashcard.userprogress",
    "pk": 51,
    "fields": {
        "user": 4,
        "level": 1,
        "mode": "en",
        "score": 0,
        "total_questions": 15,
        "current_question_index": 0,
        "question_ids": "[8, 6, 3, 7, 10, 44, 5, 1, 42, 45, 4, 2, 9, 43, 46]",
        "completed_at": "2024-10-27T12:38:33.394Z",
        "is_completed": true,
        "is_paused": false
    }
},
{
    "model": "flashcard.userprogress",
    "pk": 52,
    "fields": {
        "user": 4,
        "level": 1,
        "mode": "en",
        "score": 0,
        "total_questions": 15,
        "current_question_index": 0,
        "question_ids": "[7, 4, 45, 2, 6, 10, 9, 5, 8, 46, 43, 44, 1, 3, 42]",
        "completed_at": "2024-10-27T12:38:44.771Z",
        "is_completed": true,
        "is_paused": false
    }
},
{
    "model": "flashcard.userprogress",
    "pk": 53,
    "fields": {
        "user": 4,
        "level": 1,
        "mode": "en",
        "score": 0,
        "total_questions": 15,
        "current_question_index": 0,
        "question_ids": "[43, 44, 2, 9, 7, 6, 1, 46, 42, 45, 3, 4, 8, 5, 10]",
        "completed_at": "2024-10-27T12:39:38.675Z",
        "is_completed": true,
        "is_paused": false
    }
},
{
    "model": "flashcard.userprogress",
    "pk": 54,
    "fields": {
        "user": 4,
        "level": 1,
        "mode": "en",
        "score": 0,
        "total_questions": 15,
        "current_question_index": 0,
        "question_ids": "[44, 5, 45, 2, 9, 46, 42, 6, 8, 7, 43, 1, 10, 4, 3]",
        "completed_at": "2024-10-27T12:40:22.800Z",
        "is_completed": true,
        "is_paused": false
    }
},
{
    "model": "flashcard.userprogress",
    "pk": 55,
    "fields": {
        "user": 4,
        "level": 1,
        "mode": "ja",
        "score": 0,
        "total_questions": 15,
        "current_question_index": 0,
        "question_ids": "[4, 42, 44, 9, 6, 5, 8, 10, 46, 1, 43, 2, 45, 3, 7]",
        "completed_at": "2024-10-27T12:42:17.954Z",
        "is_completed": true,
        "is_paused": false
    }
},
{
    "model": "flashcard.userprogress",
    "pk": 56,
    "fields": {
        "user": 4,
        "level": 1,
        "mode": "ja",
        "score": 0,
        "total_questions": 15,
        "current_question_index": 0,
        "question_ids": "[6, 7, 10, 1, 3, 8, 9, 42, 44, 2, 4, 46, 5, 43, 45]",
        "completed_at": "2024-10-27T12:43:01.195Z",
        "is_completed": true,
        "is_paused": false
    }
},
{
    "model": "flashcard.userprogress",
    "pk": 57,
    "fields": {
        "user": 4,
        "level": 1,
        "mode": "ja",
        "score": 0,
        "total_questions": 15,
        "current_question_index": 0,
        "question_ids": "[42, 43, 6, 45, 7, 10, 46, 44, 5, 9, 8, 1, 2, 3, 4]",
        "completed_at": "2024-10-27T12:43:18.054Z",
        "is_completed": true,
        "is_paused": false
    }
},
{
    "model": "flashcard.userprogress",
    "pk": 58,
    "fields": {
        "user": 4,
        "level": 1,
        "mode": "en",
        "score": 12,
        "total_questions": 15,
        "current_question_index": 15,
        "question_ids": "[45, 3, 5, 10, 44, 43, 9, 46, 1, 4, 7, 8, 42, 2, 6]",
        "completed_at": "2024-10-27T12:46:16.610Z",
        "is_completed": true,
        "is_paused": false
    }
},
{
    "model": "flashcard.userprogress",
    "pk": 59,
    "fields": {
        "user": 4,
        "level": 1,
        "mode": "en",
        "score": 0,
        "total_questions": 15,
        "current_question_index": 1,
        "question_ids": "[46, 4, 1, 9, 3, 44, 2, 8, 45, 43, 7, 5, 42, 6, 10]",
        "completed_at": "2024-10-28T12:02:02.902Z",
        "is_completed": true,
        "is_paused": false
    }
},
{
    "model": "flashcard.userprogress",
    "pk": 60,
    "fields": {
        "user": 4,
        "level": 2,
        "mode": "ja",
        "score": 4,
        "total_questions": 15,
        "current_question_index": 5,
        "question_ids": "[48, 47, 14, 17, 15, 18, 20, 49, 19, 13, 12, 51, 11, 50, 16]",
        "completed_at": "2024-10-28T12:06:21.296Z",
        "is_completed": true,
        "is_paused": false
    }
},
{
    "model": "flashcard.userprogress",
    "pk": 61,
    "fields": {
        "user": 4,
        "level": 1,
        "mode": "en",
        "score": 0,
        "total_questions": 5,
        "current_question_index": 5,
        "question_ids": "[44, 1, 46, 10, 45]",
        "completed_at": "2024-10-28T12:09:01.034Z",
        "is_completed": true,
        "is_paused": false
    }
},
{
    "model": "flashcard.userprogress",
    "pk": 62,
    "fields": {
        "user": 4,
        "level": 1,
        "mode": "en",
        "score": 6,
        "total_questions": 15,
        "current_question_index": 13,
        "question_ids": "[44, 7, 6, 4, 9, 3, 43, 10, 42, 1, 45, 2, 8, 5, 46]",
        "completed_at": "2024-10-28T12:11:30.805Z",
        "is_completed": true,
        "is_paused": false
    }
},
{
    "model": "flashcard.userprogress",
    "pk": 63,
    "fields": {
        "user": 4,
        "level": 1,
        "mode": "en",
        "score": 0,
        "total_questions": 15,
        "current_question_index": 1,
        "question_ids": "[7, 2, 44, 6, 5, 42, 3, 1, 45, 4, 46, 8, 9, 43, 10]",
        "completed_at": "2024-10-29T12:29:25.741Z",
        "is_completed": true,
        "is_paused": false
    }
},
{
    "model": "flashcard.userprogress",
    "pk": 64,
    "fields": {
        "user": 4,
        "level": 1,
        "mode": "ja",
        "score": 2,
        "total_questions": 15,
        "current_question_index": 8,
        "question_ids": "[43, 4, 10, 8, 45, 6, 46, 44, 42, 9, 5, 2, 3, 7, 1]",
        "completed_at": "2024-11-02T13:03:03.644Z",
        "is_completed": true,
        "is_paused": false
    }
},
{
    "model": "flashcard.userprogress",
    "pk": 65,
    "fields": {
        "user": 4,
        "level": 4,
        "mode": "en",
        "score": 2,
        "total_questions": 15,
        "current_question_index": 3,
        "question_ids": "[34, 38, 58, 37, 35, 32, 39, 40, 60, 36, 41, 33, 57, 59, 56]",
        "completed_at": "2024-11-03T01:54:03.805Z",
        "is_completed": false,
        "is_paused": true
    }
},
{
    "model": "flashcard.userprogress",
    "pk": 66,
    "fields": {
        "user": 4,
        "level": 4,
        "mode": "ja",
        "score": 0,
        "total_questions": 15,
        "current_question_index": 3,
        "question_ids": "[41, 37, 56, 59, 33, 35, 60, 58, 36, 57, 32, 39, 38, 34, 40]",
        "completed_at": "2024-11-03T01:59:55.480Z",
        "is_completed": false,
        "is_paused": true
    }
},
{
    "model": "flashcard.userprogress",
    "pk": 67,
    "fields": {
        "user": 4,
        "level": 1,
        "mode": "en",
        "score": 0,
        "total_questions": 16,
        "current_question_index": 1,
        "question_ids": "[46, 4, 44, 9, 45, 5, 10, 2, 43, 3, 61, 6, 7, 8, 1, 42]",
        "completed_at": "2024-11-03T02:00:11.376Z",
        "is_completed": false,
        "is_paused": true
    }
},
{
    "model": "flashcard.userprogress",
    "pk": 68,
    "fields": {
        "user": 4,
        "level": 4,
        "mode": "ja",
        "score": 0,
        "total_questions": 3,
        "current_question_index": 1,
        "question_ids": "[56, 41, 37]",
        "completed_at": "2024-11-03T02:00:59.281Z",
        "is_completed": true,
        "is_paused": false
    }
},
{
    "model": "flashcard.userprogress",
    "pk": 69,
    "fields": {
        "user": 4,
        "level": 1,
        "mode": "en",
        "score": 0,
        "total_questions": 16,
        "current_question_index": 1,
        "question_ids": "[10, 8, 46, 4, 9, 2, 6, 3, 61, 1, 5, 45, 44, 7, 43, 42]",
        "completed_at": "2024-11-12T12:46:02.375Z",
        "is_completed": false,
        "is_paused": true
    }
},
{
    "model": "flashcard.userprogress",
    "pk": 70,
    "fields": {
        "user": 4,
        "level": 1,
        "mode": "en",
        "score": 2,
        "total_questions": 16,
        "current_question_index": 2,
        "question_ids": "[7, 46, 4, 5, 9, 6, 61, 1, 44, 3, 43, 42, 2, 10, 8, 45]",
        "completed_at": "2024-11-12T12:48:12.094Z",
        "is_completed": false,
        "is_paused": true
    }
},
{
    "model": "flashcard.userwordstatus",
    "pk": 68,
    "fields": {
        "user": 4,
        "word": 8,
        "is_correct": true,
        "mode": "en",
        "last_attempted_at": "2024-11-02T15:50:07.045Z"
    }
},
{
    "model": "flashcard.userwordstatus",
    "pk": 69,
    "fields": {
        "user": 4,
        "word": 10,
        "is_correct": false,
        "mode": "en",
        "last_attempted_at": "2024-11-12T12:46:09.475Z"
    }
},
{
    "model": "flashcard.userwordstatus",
    "pk": 70,
    "fields": {
        "user": 4,
        "word": 7,
        "is_correct": true,
        "mode": "en",
        "last_attempted_at": "2024-11-12T12:48:21.215Z"
    }
},
{
    "model": "flashcard.userwordstatus",
    "pk": 71,
    "fields": {
        "user": 4,
        "word": 1,
        "is_correct": true,
        "mode": "en",
        "last_attempted_at": "2024-11-02T15:49:44.830Z"
    }
},
{
    "model": "flashcard.userwordstatus",
    "pk": 72,
    "fields": {
        "user": 4,
        "word": 51,
        "is_correct": true,
        "mode": "ja",
        "last_attempted_at": "2024-10-17T11:12:22.759Z"
    }
},
{
    "model": "flashcard.userwordstatus",
    "pk": 73,
    "fields": {
        "user": 4,
        "word": 16,
        "is_correct": true,
        "mode": "ja",
        "last_attempted_at": "2024-10-17T11:12:28.917Z"
    }
},
{
    "model": "flashcard.userwordstatus",
    "pk": 74,
    "fields": {
        "user": 4,
        "word": 19,
        "is_correct": true,
        "mode": "ja",
        "last_attempted_at": "2024-10-17T11:12:34.097Z"
    }
},
{
    "model": "flashcard.userwordstatus",
    "pk": 75,
    "fields": {
        "user": 4,
        "word": 9,
        "is_correct": false,
        "mode": "en",
        "last_attempted_at": "2024-11-02T13:15:21.620Z"
    }
},
{
    "model": "flashcard.userwordstatus",
    "pk": 76,
    "fields": {
        "user": 4,
        "word": 5,
        "is_correct": false,
        "mode": "en",
        "last_attempted_at": "2024-10-28T12:53:34.877Z"
    }
},
{
    "model": "flashcard.userwordstatus",
    "pk": 77,
    "fields": {
        "user": 4,
        "word": 17,
        "is_correct": true,
        "mode": "en",
        "last_attempted_at": "2024-10-17T11:13:28.929Z"
    }
},
{
    "model": "flashcard.userwordstatus",
    "pk": 78,
    "fields": {
        "user": 4,
        "word": 49,
        "is_correct": true,
        "mode": "en",
        "last_attempted_at": "2024-10-20T05:24:19.712Z"
    }
},
{
    "model": "flashcard.userwordstatus",
    "pk": 79,
    "fields": {
        "user": 4,
        "word": 14,
        "is_correct": true,
        "mode": "en",
        "last_attempted_at": "2024-10-17T11:13:40.303Z"
    }
},
{
    "model": "flashcard.userwordstatus",
    "pk": 80,
    "fields": {
        "user": 4,
        "word": 24,
        "is_correct": true,
        "mode": "en",
        "last_attempted_at": "2024-10-17T11:13:52.872Z"
    }
},
{
    "model": "flashcard.userwordstatus",
    "pk": 81,
    "fields": {
        "user": 4,
        "word": 52,
        "is_correct": true,
        "mode": "en",
        "last_attempted_at": "2024-10-17T11:13:59.447Z"
    }
},
{
    "model": "flashcard.userwordstatus",
    "pk": 82,
    "fields": {
        "user": 4,
        "word": 46,
        "is_correct": true,
        "mode": "en",
        "last_attempted_at": "2024-11-12T12:48:30.474Z"
    }
},
{
    "model": "flashcard.userwordstatus",
    "pk": 83,
    "fields": {
        "user": 4,
        "word": 2,
        "is_correct": true,
        "mode": "en",
        "last_attempted_at": "2024-11-02T15:49:58.268Z"
    }
},
{
    "model": "flashcard.userwordstatus",
    "pk": 84,
    "fields": {
        "user": 4,
        "word": 43,
        "is_correct": false,
        "mode": "en",
        "last_attempted_at": "2024-11-02T15:48:58.282Z"
    }
},
{
    "model": "flashcard.userwordstatus",
    "pk": 85,
    "fields": {
        "user": 4,
        "word": 12,
        "is_correct": true,
        "mode": "en",
        "last_attempted_at": "2024-10-20T05:10:17.259Z"
    }
},
{
    "model": "flashcard.userwordstatus",
    "pk": 86,
    "fields": {
        "user": 4,
        "word": 24,
        "is_correct": true,
        "mode": "ja",
        "last_attempted_at": "2024-10-20T05:10:33.769Z"
    }
},
{
    "model": "flashcard.userwordstatus",
    "pk": 87,
    "fields": {
        "user": 4,
        "word": 54,
        "is_correct": true,
        "mode": "ja",
        "last_attempted_at": "2024-10-20T05:10:41.224Z"
    }
},
{
    "model": "flashcard.userwordstatus",
    "pk": 88,
    "fields": {
        "user": 4,
        "word": 4,
        "is_correct": false,
        "mode": "en",
        "last_attempted_at": "2024-11-03T02:00:28.254Z"
    }
},
{
    "model": "flashcard.userwordstatus",
    "pk": 89,
    "fields": {
        "user": 4,
        "word": 44,
        "is_correct": false,
        "mode": "en",
        "last_attempted_at": "2024-10-28T12:53:17.352Z"
    }
},
{
    "model": "flashcard.userwordstatus",
    "pk": 90,
    "fields": {
        "user": 4,
        "word": 45,
        "is_correct": true,
        "mode": "en",
        "last_attempted_at": "2024-11-02T15:49:52.990Z"
    }
},
{
    "model": "flashcard.userwordstatus",
    "pk": 91,
    "fields": {
        "user": 4,
        "word": 3,
        "is_correct": false,
        "mode": "en",
        "last_attempted_at": "2024-11-03T02:00:24.454Z"
    }
},
{
    "model": "flashcard.userwordstatus",
    "pk": 92,
    "fields": {
        "user": 4,
        "word": 42,
        "is_correct": true,
        "mode": "en",
        "last_attempted_at": "2024-11-02T15:49:38.133Z"
    }
},
{
    "model": "flashcard.userwordstatus",
    "pk": 93,
    "fields": {
        "user": 4,
        "word": 6,
        "is_correct": false,
        "mode": "en",
        "last_attempted_at": "2024-11-02T13:14:27.179Z"
    }
},
{
    "model": "flashcard.userwordstatus",
    "pk": 94,
    "fields": {
        "user": 4,
        "word": 48,
        "is_correct": true,
        "mode": "ja",
        "last_attempted_at": "2024-10-28T12:06:33.260Z"
    }
},
{
    "model": "flashcard.userwordstatus",
    "pk": 95,
    "fields": {
        "user": 4,
        "word": 47,
        "is_correct": true,
        "mode": "ja",
        "last_attempted_at": "2024-10-28T12:06:46.850Z"
    }
},
{
    "model": "flashcard.userwordstatus",
    "pk": 96,
    "fields": {
        "user": 4,
        "word": 14,
        "is_correct": true,
        "mode": "ja",
        "last_attempted_at": "2024-10-28T12:08:07.355Z"
    }
},
{
    "model": "flashcard.userwordstatus",
    "pk": 97,
    "fields": {
        "user": 4,
        "word": 17,
        "is_correct": true,
        "mode": "ja",
        "last_attempted_at": "2024-10-28T12:08:14.994Z"
    }
},
{
    "model": "flashcard.userwordstatus",
    "pk": 98,
    "fields": {
        "user": 4,
        "word": 15,
        "is_correct": false,
        "mode": "ja",
        "last_attempted_at": "2024-10-28T12:08:20.941Z"
    }
},
{
    "model": "flashcard.userwordstatus",
    "pk": 99,
    "fields": {
        "user": 4,
        "word": 43,
        "is_correct": false,
        "mode": "ja",
        "last_attempted_at": "2024-11-02T13:03:15.438Z"
    }
},
{
    "model": "flashcard.userwordstatus",
    "pk": 100,
    "fields": {
        "user": 4,
        "word": 4,
        "is_correct": false,
        "mode": "ja",
        "last_attempted_at": "2024-11-03T02:00:39.584Z"
    }
},
{
    "model": "flashcard.userwordstatus",
    "pk": 101,
    "fields": {
        "user": 4,
        "word": 10,
        "is_correct": false,
        "mode": "ja",
        "last_attempted_at": "2024-11-02T13:06:23.747Z"
    }
},
{
    "model": "flashcard.userwordstatus",
    "pk": 102,
    "fields": {
        "user": 4,
        "word": 8,
        "is_correct": true,
        "mode": "ja",
        "last_attempted_at": "2024-11-02T13:07:45.884Z"
    }
},
{
    "model": "flashcard.userwordstatus",
    "pk": 103,
    "fields": {
        "user": 4,
        "word": 45,
        "is_correct": false,
        "mode": "ja",
        "last_attempted_at": "2024-11-02T13:10:31.468Z"
    }
},
{
    "model": "flashcard.userwordstatus",
    "pk": 104,
    "fields": {
        "user": 4,
        "word": 6,
        "is_correct": false,
        "mode": "ja",
        "last_attempted_at": "2024-11-03T02:00:42.473Z"
    }
},
{
    "model": "flashcard.userwordstatus",
    "pk": 105,
    "fields": {
        "user": 4,
        "word": 46,
        "is_correct": true,
        "mode": "ja",
        "last_attempted_at": "2024-11-02T13:12:48.487Z"
    }
},
{
    "model": "flashcard.userwordstatus",
    "pk": 106,
    "fields": {
        "user": 4,
        "word": 44,
        "is_correct": false,
        "mode": "ja",
        "last_attempted_at": "2024-11-02T13:13:26.350Z"
    }
},
{
    "model": "flashcard.userwordstatus",
    "pk": 107,
    "fields": {
        "user": 4,
        "word": 34,
        "is_correct": true,
        "mode": "en",
        "last_attempted_at": "2024-11-03T01:54:09.045Z"
    }
},
{
    "model": "flashcard.userwordstatus",
    "pk": 108,
    "fields": {
        "user": 4,
        "word": 38,
        "is_correct": true,
        "mode": "en",
        "last_attempted_at": "2024-11-03T01:54:18.781Z"
    }
},
{
    "model": "flashcard.userwordstatus",
    "pk": 109,
    "fields": {
        "user": 4,
        "word": 58,
        "is_correct": false,
        "mode": "en",
        "last_attempted_at": "2024-11-03T01:54:22.237Z"
    }
},
{
    "model": "flashcard.userwordstatus",
    "pk": 110,
    "fields": {
        "user": 4,
        "word": 41,
        "is_correct": false,
        "mode": "ja",
        "last_attempted_at": "2024-11-03T01:59:58.294Z"
    }
},
{
    "model": "flashcard.userwordstatus",
    "pk": 111,
    "fields": {
        "user": 4,
        "word": 37,
        "is_correct": false,
        "mode": "ja",
        "last_attempted_at": "2024-11-03T02:00:02.099Z"
    }
},
{
    "model": "flashcard.userwordstatus",
    "pk": 112,
    "fields": {
        "user": 4,
        "word": 56,
        "is_correct": false,
        "mode": "ja",
        "last_attempted_at": "2024-11-03T02:01:01.856Z"
    }
},
{
    "model": "flashcard.userreviewprogress",
    "pk": 5,
    "fields": {
        "user": 4,
        "mode": "en",
        "current_question_index": 1,
        "total_questions": 1,
        "score": 1,
        "is_completed": true,
        "created_at": "2024-10-17T11:23:20.577Z",
        "is_paused": false,
        "questions": [
            8
        ]
    }
},
{
    "model": "flashcard.userreviewprogress",
    "pk": 6,
    "fields": {
        "user": 4,
        "mode": "en",
        "current_question_index": 1,
        "total_questions": 3,
        "score": 0,
        "is_completed": true,
        "created_at": "2024-10-17T11:24:05.691Z",
        "is_paused": false,
        "questions": [
            2,
            7,
            10
        ]
    }
},
{
    "model": "flashcard.userreviewprogress",
    "pk": 7,
    "fields": {
        "user": 4,
        "mode": "en",
        "current_question_index": 1,
        "total_questions": 3,
        "score": 0,
        "is_completed": true,
        "created_at": "2024-10-17T11:38:05.766Z",
        "is_paused": false,
        "questions": [
            2,
            7,
            10
        ]
    }
},
{
    "model": "flashcard.userreviewprogress",
    "pk": 8,
    "fields": {
        "user": 4,
        "mode": "en",
        "current_question_index": 1,
        "total_questions": 2,
        "score": 0,
        "is_completed": true,
        "created_at": "2024-10-20T05:23:31.283Z",
        "is_paused": false,
        "questions": [
            2,
            10
        ]
    }
},
{
    "model": "flashcard.userreviewprogress",
    "pk": 9,
    "fields": {
        "user": 4,
        "mode": "en",
        "current_question_index": 0,
        "total_questions": 2,
        "score": 0,
        "is_completed": true,
        "created_at": "2024-10-20T05:24:02.544Z",
        "is_paused": false,
        "questions": [
            2,
            10
        ]
    }
},
{
    "model": "flashcard.userreviewprogress",
    "pk": 10,
    "fields": {
        "user": 4,
        "mode": "en",
        "current_question_index": 1,
        "total_questions": 3,
        "score": 0,
        "is_completed": false,
        "created_at": "2024-10-27T13:35:59.406Z",
        "is_paused": true,
        "questions": [
            3,
            4,
            45
        ]
    }
},
{
    "model": "flashcard.userreviewprogress",
    "pk": 11,
    "fields": {
        "user": 4,
        "mode": "en",
        "current_question_index": 2,
        "total_questions": 10,
        "score": 0,
        "is_completed": false,
        "created_at": "2024-11-03T02:00:20.625Z",
        "is_paused": true,
        "questions": [
            3,
            4,
            5,
            6,
            7,
            9,
            43,
            44,
            46,
            58
        ]
    }
},
{
    "model": "flashcard.userreviewprogress",
    "pk": 12,
    "fields": {
        "user": 4,
        "mode": "ja",
        "current_question_index": 2,
        "total_questions": 10,
        "score": 0,
        "is_completed": false,
        "created_at": "2024-11-03T02:00:37.004Z",
        "is_paused": true,
        "questions": [
            4,
            6,
            10,
            15,
            37,
            41,
            43,
            44,
            45,
            56
        ]
    }
}
]
